<application>
  <component name="SettingsSyncPlugins">
    <option name="plugins">
      <map>
        <entry key="atom-one">
          <value>
            <PluginData>
              <option name="category" value="UI" />
              <option name="dependencies">
                <set>
                  <option value="com.intellij.modules.lang" />
                </set>
              </option>
            </PluginData>
          </value>
        </entry>
        <entry key="com.arcticicestudio.nord.jetbrains">
          <value>
            <PluginData>
              <option name="category" value="UI" />
              <option name="dependencies">
                <set>
                  <option value="com.intellij.modules.lang" />
                </set>
              </option>
              <option name="enabled" value="false" />
            </PluginData>
          </value>
        </entry>
        <entry key="com.httpriestess.base16-tomorrow-dark">
          <value>
            <PluginData>
              <option name="category" value="UI" />
              <option name="dependencies">
                <set>
                  <option value="com.intellij.modules.platform" />
                </set>
              </option>
            </PluginData>
          </value>
        </entry>
        <entry key="net.seesharpsoft.intellij.plugins.csv">
          <value>
            <PluginData>
              <option name="dependencies">
                <set>
                  <option value="com.intellij.modules.lang" />
                </set>
              </option>
            </PluginData>
          </value>
        </entry>
      </map>
    </option>
  </component>
</application>